{
  "loops": [
    {
      "id": "paleface",
      "name": "פלייפייס (Paleface)",
      "emoji": "🏖️",
      "blurb": "הכי קרוב לחוף ולשיגור הסירות – כיף לים, אבל לפעמים עמוס ורועש."
    },
    {
      "id": "flora",
      "name": "פלורה (Flora)",
      "emoji": "🌲",
      "blurb": "שקט ונעים, הרבה עצים ופרטיות. טוב לרכיבה באופניים מסביב."
    },
    {
      "id": "radium",
      "name": "ראדיום (Radium)",
      "emoji": "🌳",
      "blurb": "דומה לפלורה – אתרים גדולים יותר וערבים רגועים."
    },
    {
      "id": "lindeman",
      "name": "לינדמן (Lindeman)",
      "emoji": "⚽",
      "blurb": "קרוב למגרש המשחקים ולאזור היום-יום. נוח למשחקים ושיטוט קצר."
    },
    {
      "id": "greendrop",
      "name": "גרינדרופ (Greendrop)",
      "emoji": "🪵",
      "blurb": "ליד אזור היום-יום; קרוב לפעילויות, עלול להיות קצת הומה."
    }
  ],
  "facts": [
    "אין קליטה סלולרית בפארק – מתקשרים רק לפני שמגיעים.",
    "הרוח מתחזקת בדרך כלל אחר הצהריים – הולכים למים בזהירות!",
    "האגם קר מאוד כל השנה – נשארים קרוב לחוף ולאט.",
    "שעות שקט: 22:00–07:00. שומרים על שכנים שמחים 🙂",
    "לא משאירים אוכל בחוץ – הכול נכנס לאוטו (Bare Campsite)!",
    "השער נסגר ב‑23:00 ונפתח ב‑07:00."
  ],
  "hikes": [
    {
      "id": "lindeman",
      "name": "מסלול לינדמן",
      "distance_km": 3.4,
      "difficulty": "בינוני",
      "note": "יש סלעים ועליות. נעליים טובות! המים בטורקיז מדהימים."
    },
    {
      "id": "greendrop",
      "name": "גרינדרופ",
      "distance_km": 10.4,
      "difficulty": "קשה",
      "note": "ארוך יותר ויש שדות בולדרים."
    }
  ],
  "packing": {
    "yes": [
      "אוהל",
      "יתדות וחבלים",
      "שקי שינה חמים",
      "פנסי ראש",
      "כירת גז",
      "מים",
      "כובעי שמש",
      "מגבת",
      "מעילי רוח",
      "ספריי דובים לטיול",
      "בקבוקי שתייה",
      "בגדי ים",
      "משחקי חוף",
      "חטיפים"
    ],
    "no": [
      "מדורת עץ בעונת איסור",
      "מוזיקה רועשת",
      "אוכל מחוץ לאוטו בלילה"
    ]
  },
  "quiz": [
    {
      "q": "מתי הרוח בדרך כלל מתחזקת באגם?",
      "answers": [
        "בבוקר",
        "באמצע הלילה",
        "אחר הצהריים"
      ],
      "correct": 2,
      "explain": "אחר הצהריים! לכן נכנסים למים בזהירות או בוחרים זמן רגוע יותר."
    },
    {
      "q": "מה עושים עם אוכל בלילה?",
      "answers": [
        "משאירים על השולחן",
        "שמים באוטו",
        "נותנים לסנאי"
      ],
      "correct": 1,
      "explain": "שמים הכול באוטו כדי לשמור על דובים וחיות בר – וגם עלינו!"
    },
    {
      "q": "מה עושים אם אין קליטה?",
      "answers": [
        "צועקים חזק",
        "משחקים בחול",
        "מתכננים מראש ומדברים לפני שמגיעים"
      ],
      "correct": 2,
      "explain": "מתכננים מראש! בפארק אין קליטה, אז מכינים מפות וכל מה שצריך."
    }
  ],
  "achievements": [
    {
      "id": "packer",
      "name": "אלוף האריזה",
      "desc": "ארזת את כל הפריטים השימושיים"
    },
    {
      "id": "safety",
      "name": "שומר הטבע",
      "desc": "ענית נכון על כל שאלות הבטיחות"
    },
    {
      "id": "explorer",
      "name": "מגלה הלולאות",
      "desc": "ביקרת בכל הלשוניות ולמדת על כל הלולאות"
    }
  ]
}